{
  "ideal": {
    "expt1": {
      "0.0": 0.189,
      "0.1": 0.190,
      "0.3": 0.192,
      "0.5": 0.195,
      "0.7": 0.2,
      "0.9": 0.22,
      "1.0": 0.25
    },
    "expt3": {
      "0.0": 0.115,
      "0.1": 0.11,
      "0.2": 0.105,
      "0.3": 0.105,
      "0.4": 0.11,
      "0.5": 0.115,
      "0.6": 0.12,
      "0.7": 0.13,
      "0.8": 0.145,
      "0.9": 0.17,
      "1.0": 0.20
    }
  },
  "short": {
    "expt1": {
      "0.0": 0.19049109124423894,
      "0.1": 0.18784286731911568,
      "0.3": 0.18591585517326992,
      "0.5": 0.19101939532219453,
      "0.7": 0.2159435698568651,
      "0.9": 0.26047598622467577,
      "1.0": 0.28502137540899475
    },
    "std_error": {
      "0.0": 0.0019052533384020325,
      "0.1": 0.0019102460810655468,
      "0.3": 0.0019505654636129764,
      "0.5": 0.002383135183609099,
      "0.7": 0.004582989328181983,
      "0.9": 0.00908927549665331,
      "1.0": 0.01118943554698773
    },
    "expt2": {
      "0.0": {
        "0.0": 0.23570226039551584,
        "0.049999999999999996": 0.17989922382294693,
        "0.09999999999999999": 0.13914414059936642,
        "0.15": 0.11248568774552727,
        "0.19999999999999998": 0.09967615992900222,
        "0.24999999999999997": 0.10021057794328629,
        "0.3": 0.11271462913891112,
        "0.35": 0.13860510521246316,
        "0.39999999999999997": 0.18719528459991325,
        "0.44999999999999996": 0.28415890024763596,
        "0.49999999999999994": 0.5067104305410974,
        "0.5499999999999999": 0.9891265932889419,
        "0.6": 2.10261195243814
      },
      "0.1": {
        "0.0": 0.23570226039551584,
        "0.049999999999999996": 0.17725895839761482,
        "0.09999999999999999": 0.13566947374591248,
        "0.15": 0.10952196137830848,
        "0.19999999999999998": 0.09799564414216476,
        "0.24999999999999997": 0.09982038919574579,
        "0.3": 0.11170969912950848,
        "0.35": 0.13116800087671648,
        "0.39999999999999997": 0.16140199087598808,
        "0.44999999999999996": 0.21162761341251865,
        "0.49999999999999994": 0.31406821525592016,
        "0.5499999999999999": 0.5500427674653581,
        "0.6": 1.0512674272929248
      },
      "0.2": {
        "0.0": 0.23570226039551584,
        "0.049999999999999996": 0.17450166980325416,
        "0.09999999999999999": 0.13228353263388523,
        "0.15": 0.10708583301124229,
        "0.19999999999999998": 0.09743132503140703,
        "0.24999999999999997": 0.10116934963915244,
        "0.3": 0.11381709830216391,
        "0.35": 0.13169256800055262,
        "0.39999999999999997": 0.15573776091783043,
        "0.44999999999999996": 0.19237092582310159,
        "0.49999999999999994": 0.25407606008684364,
        "0.5499999999999999": 0.3832117451224275,
        "0.6": 0.6604826647983546
      },
      "0.3": {
        "0.0": 0.23570226039551584,
        "0.049999999999999996": 0.17163766018529408,
        "0.09999999999999999": 0.12909903416620125,
        "0.15": 0.10540569870726887,
        "0.19999999999999998": 0.09825326156077539,
        "0.24999999999999997": 0.10435398370024977,
        "0.3": 0.1182827164903467,
        "0.35": 0.13610874589251068,
        "0.39999999999999997": 0.15786738522258337,
        "0.44999999999999996": 0.1881578570643447,
        "0.49999999999999994": 0.23503343610042016,
        "0.5499999999999999": 0.31219283287594474,
        "0.6": 0.4759270161095253
      },
      "0.4": {
        "0.0": 0.23570226039551584,
        "0.049999999999999996": 0.168701793999676,
        "0.09999999999999999": 0.12631753074954039,
        "0.15": 0.1048685441132068,
        "0.19999999999999998": 0.10092629026659188,
        "0.24999999999999997": 0.10979914142160205,
        "0.3": 0.12528463749121774,
        "0.35": 0.1435895982766297,
        "0.39999999999999997": 0.16463455626087953,
        "0.44999999999999996": 0.19148337694528256,
        "0.49999999999999994": 0.23099733489030252,
        "0.5499999999999999": 0.29168658895194466,
        "0.6": 0.3926893206948426
      },
      "0.5": {
        "0.0": 0.23570226039551584,
        "0.049999999999999996": 0.1657780620690586,
        "0.09999999999999999": 0.12429966284757082,
        "0.15": 0.10611282929490429,
        "0.19999999999999998": 0.10618958916829727,
        "0.24999999999999997": 0.11823234955607241,
        "0.3": 0.13539352215023642,
        "0.35": 0.1545368632913321,
        "0.39999999999999997": 0.17572019178071657,
        "0.44999999999999996": 0.20119932960372722,
        "0.49999999999999994": 0.23677648713908844,
        "0.5499999999999999": 0.2909511246609627,
        "0.6": 0.37515487425880273
      },
      "0.6": {
        "0.0": 0.23570226039551584,
        "0.049999999999999996": 0.16306069843051496,
        "0.09999999999999999": 0.12372233057484809,
        "0.15": 0.11022419013209156,
        "0.19999999999999998": 0.11526557725055206,
        "0.24999999999999997": 0.1306832626848315,
        "0.3": 0.1497329765930873,
        "0.35": 0.17020009811235237,
        "0.39999999999999997": 0.19225742725092965,
        "0.44999999999999996": 0.21788077777699688,
        "0.49999999999999994": 0.252070412296102,
        "0.5499999999999999": 0.30390217965646593,
        "0.6": 0.3845417818439039
      },
      "0.7": {
        "0.0": 0.23570226039551584,
        "0.049999999999999996": 0.16102528131372995,
        "0.09999999999999999": 0.12596829586530855,
        "0.15": 0.11919595707823884,
        "0.19999999999999998": 0.13018941636985523,
        "0.24999999999999997": 0.14920350100192595,
        "0.3": 0.17071621132534134,
        "0.35": 0.19324020123181637,
        "0.39999999999999997": 0.21710259383821343,
        "0.44999999999999996": 0.2442899772966859,
        "0.49999999999999994": 0.27969916928911887,
        "0.5499999999999999": 0.3328980647692076,
        "0.6": 0.41625285459523886
      },
      "0.8": {
        "0.0": 0.23570226039551584,
        "0.049999999999999996": 0.16097493809169752,
        "0.09999999999999999": 0.13421893511422295,
        "0.15": 0.13714736257419508,
        "0.19999999999999998": 0.15522224037419785,
        "0.24999999999999997": 0.17879981499696812,
        "0.3": 0.20401537819582788,
        "0.35": 0.23009976049185282,
        "0.39999999999999997": 0.2576316415762544,
        "0.44999999999999996": 0.28879735301672294,
        "0.49999999999999994": 0.32927876263312966,
        "0.5499999999999999": 0.3895558849047854,
        "0.6": 0.4837965670580676
      },
      "0.9": {
        "0.0": 0.23570226039551584,
        "0.049999999999999996": 0.16701910286272814,
        "0.09999999999999999": 0.1568327736708733,
        "0.15": 0.17405524560723268,
        "0.19999999999999998": 0.20161705902734237,
        "0.24999999999999997": 0.2324371452202253,
        "0.3": 0.2646854711855972,
        "0.35": 0.29851047125953406,
        "0.39999999999999997": 0.33487386725647433,
        "0.44999999999999996": 0.37663290871137933,
        "0.49999999999999994": 0.4330517680586915,
        "0.5499999999999999": 0.517149457366901,
        "0.6": 0.6487030652121034
      },
      "1.0": {
        "0.0": 0.23570226039551584,
        "0.049999999999999996": 0.193463241296854,
        "0.09999999999999999": 0.21631193739019786,
        "0.15": 0.25507161658507466,
        "0.19999999999999998": 0.2991160955180277,
        "0.24999999999999997": 0.3467903009757616,
        "0.3": 0.39954390866547634,
        "0.35": 0.4640590081204583,
        "0.39999999999999997": 0.5449951072786523,
        "0.44999999999999996": 0.6485713188836145,
        "0.49999999999999994": 0.7945939956140751,
        "0.5499999999999999": 1.0289714919780797,
        "0.6": 1.4150504858978232
      }
    },
    "best_alpha_dict": {
      "0.0": 0.19999999999999998,
      "0.1": 0.19999999999999998,
      "0.2": 0.19999999999999998,
      "0.3": 0.19999999999999998,
      "0.4": 0.19999999999999998,
      "0.5": 0.15,
      "0.6": 0.15,